Method,Accuracy,Avg Tokens,Latency(s),Act Ratio,Correct,Total,Ratio,Token Savings (%),Accuracy Drop,Efficiency Score
Original,78.6,244.52,0.302,1.0,393,500,,0.0,0.0,32.145
BeConcise,82.4,170.1,0.235,0.696,412,500,,30.44,-3.8,48.442
OnlyNumbers,80.4,114.54,0.214,0.468,402,500,,53.16,-1.8,70.194
AbbreWords,79.2,145.02,0.275,0.593,396,500,,40.69,-0.6,54.613
Truncation_0.9,78.6,243.54,0.271,0.996,393,500,0.9,0.4,0.0,32.274
Truncation_0.8,77.6,241.76,0.244,0.989,388,500,0.8,1.13,1.0,32.098
Truncation_0.7,75.8,238.81,0.214,0.977,379,500,0.7,2.34,2.8,31.741
Truncation_0.6,69.0,232.37,0.186,0.95,345,500,0.6,4.97,9.6,29.694
Truncation_0.5,57.0,219.15,0.155,0.896,285,500,0.5,10.38,21.6,26.01
